,properties.delay,properties.length,properties.level,properties.speed,properties.day_of_week,properties.weekday_weekend,X,Y,MaxInjuryS,CollisionT,CrashType,LightCondi,TrafficCon,Commercial,NumberOfFa,NumberOfIn,NumberOfOt,NumberOfSe,NumberOfVe,Intersecti,CountyName,CityTownNa,interstate_is_odd,year,day_sin,day_cos,month_sin,month_cos,hour_sin,hour_cos,minute_sin,minute_cos,curve,grade,WET,DRY,UNKNOWN,FLOODED WATER,SNOW/ICE,SLUSH,two_way,divided,protected_medium,CLOUDY,CLEAR,RAIN,SLEET/HAIL/FREEZING RAIN,SNOW
66,5.083333333333333,1.3558315220000001,4.0,12.787840333333335,0,0,-77.4852985180517,43.0789098572992,0,rear end,collision with motor vehicle,0,none,0,0,0,0,0,2,1,monroe,perinton,0,2021,-0.9680771188662041,-0.2506525322587213,-0.5000000000000004,0.8660254037844384,-0.816969893010442,-0.5766803221148672,0.847734427889671,-0.5304209081197424,0,0,0,1,0,0,0,0,0,0,0,1,0,0,0,0
67,4.683333333333334,1.3558315220000001,4.0,13.763394722222223,0,0,-77.4852985180517,43.0789098572992,0,rear end,collision with motor vehicle,0,none,0,0,0,0,0,2,1,monroe,perinton,0,2021,-0.9680771188662041,-0.2506525322587213,-0.5000000000000004,0.8660254037844384,-0.816969893010442,-0.5766803221148672,0.847734427889671,-0.5304209081197424,0,0,0,1,0,0,0,0,0,0,0,1,0,0,0,0
68,1.2333333333333334,2.4892122260000002,1.0,40.19656905555556,1,0,-76.1424959894385,43.0427110134928,0,overtaking,collision with motor vehicle,2,traffic signal,0,0,0,0,0,2,2,onondaga,syracuse,1,2021,-0.9987165071710528,-0.05064916883871355,-0.5000000000000004,0.8660254037844384,0.9976687691905392,-0.06824241336467088,0.0,1.0,0,0,1,0,0,0,0,0,0,0,0,0,0,0,0,1
69,1.0,1.944269859,1.0,39.84860061111112,1,0,-76.1424959894385,43.0427110134928,0,overtaking,collision with motor vehicle,2,traffic signal,0,0,0,0,0,2,2,onondaga,syracuse,0,2021,-0.9987165071710528,-0.05064916883871355,-0.5000000000000004,0.8660254037844384,0.9976687691905392,-0.06824241336467088,0.0,1.0,0,0,1,0,0,0,0,0,0,0,0,0,0,0,0,1
70,1.1333333333333333,1.944269859,1.0,37.95962905555556,1,0,-76.1424959894385,43.0427110134928,0,overtaking,collision with motor vehicle,2,traffic signal,0,0,0,0,0,2,2,onondaga,syracuse,0,2021,-0.9987165071710528,-0.05064916883871355,-0.5000000000000004,0.8660254037844384,0.9976687691905392,-0.06824241336467088,0.0,1.0,0,0,1,0,0,0,0,0,0,0,0,0,0,0,0,1
71,1.05,1.171284335,2.0,33.870999833333336,1,0,-76.1796407804723,42.6217904077853,0,other,collision with earth element rock cut ditch,0,none,0,0,0,0,0,1,0,cortland,cortlandville,1,2021,-0.9987165071710528,-0.05064916883871355,-0.5000000000000004,0.8660254037844384,0.9422609221188205,-0.33487961217098616,-0.8993121301712191,-0.43730732045885556,1,0,0,0,0,0,1,0,0,0,0,0,0,0,0,1
72,1.0,2.005785588,1.0,40.880078499999996,1,0,-77.5531392463579,43.1298084334969,1,other,collision with guide rail,0,none,0,0,1,1,0,1,1,monroe,brighton,0,2021,-0.9987165071710528,-0.05064916883871355,-0.5000000000000004,0.8660254037844384,0.9422609221188205,-0.33487961217098616,0.921311977870413,0.3888241754733207,0,0,0,0,0,0,1,0,0,0,0,0,1,0,0,0
73,1.0,1.651604118,1.0,37.31340194444445,1,0,-77.5531392463579,43.1298084334969,1,other,collision with guide rail,0,none,0,0,1,1,0,1,1,monroe,brighton,0,2021,-0.9987165071710528,-0.05064916883871355,-0.5000000000000004,0.8660254037844384,0.9422609221188205,-0.33487961217098616,0.921311977870413,0.3888241754733207,0,0,0,0,0,0,1,0,0,0,0,0,1,0,0,0
74,1.8166666666666667,4.210409896,1.0,45.14890566666667,4,0,-79.5047606827054,42.1530080526253,0,other,collision with guiderail end,0,none,0,0,0,0,0,1,0,chautauqua,north harmony,0,2021,-0.8486442574947509,0.5289640103269624,-0.5000000000000004,0.8660254037844384,-0.1361666490962464,-0.9906859460363308,0.46109250144932573,-0.8873520750565717,0,0,0,0,0,0,0,1,1,1,1,0,0,0,0,1
75,3.566666666666667,7.735447579000001,1.0,44.303839444444456,4,0,-79.7404758602332,42.1312666714395,0,other,collision with guide rail,0,none,0,0,0,0,0,1,0,chautauqua,mina,0,2021,-0.8486442574947509,0.5289640103269624,-0.5000000000000004,0.8660254037844384,-0.39840108984624156,-0.9172113015054529,0.1590634960190721,-0.9872683547213446,0,0,0,0,0,0,1,0,0,0,0,0,0,0,0,1
76,3.066666666666667,6.413791462,1.0,43.70110838888889,4,0,-79.7404758602332,42.1312666714395,0,other,collision with guide rail,0,none,0,0,0,0,0,1,0,chautauqua,mina,0,2021,-0.8486442574947509,0.5289640103269624,-0.5000000000000004,0.8660254037844384,-0.39840108984624156,-0.9172113015054529,0.1590634960190721,-0.9872683547213446,0,0,0,0,0,0,1,0,0,0,0,0,0,0,0,1
77,3.1333333333333333,6.413791462,1.0,43.38420855555557,4,0,-79.74129463103,42.1310605954479,1,other,collision with guide rail,0,none,0,0,1,1,0,1,0,chautauqua,mina,0,2021,-0.8486442574947509,0.5289640103269624,-0.5000000000000004,0.8660254037844384,-0.6310879443260528,-0.7757112907044198,-0.678311836269616,0.7347741508630673,0,0,0,0,0,0,1,0,0,0,0,0,0,0,0,1
78,3.6,7.735447579000001,1.0,44.17335127777778,4,0,-79.74129463103,42.1310605954479,1,other,collision with guide rail,0,none,0,0,1,1,0,1,0,chautauqua,mina,0,2021,-0.8486442574947509,0.5289640103269624,-0.5000000000000004,0.8660254037844384,-0.6310879443260528,-0.7757112907044198,-0.678311836269616,0.7347741508630673,0,0,0,0,0,0,1,0,0,0,0,0,0,0,0,1
79,2.466666666666667,5.526473674,1.0,45.73920927777778,6,1,-77.8220313288399,42.3183216395966,0,other,collision with tree,0,none,0,0,0,0,0,1,0,allegany,almond,0,2021,-0.5712682150947924,0.8207634412072763,-0.5000000000000004,0.8660254037844384,-0.1361666490962464,-0.9906859460363308,-0.63824418364482,-0.7698339834299063,0,0,1,0,0,0,0,0,0,0,0,0,0,0,0,1
80,2.3833333333333333,5.526473674,1.0,46.21145216666667,6,1,-77.8220313288399,42.3183216395966,0,other,collision with tree,0,none,0,0,0,0,0,1,0,allegany,almond,0,2021,-0.5712682150947924,0.8207634412072763,-0.5000000000000004,0.8660254037844384,-0.1361666490962464,-0.9906859460363308,-0.63824418364482,-0.7698339834299063,0,0,1,0,0,0,0,0,0,0,0,0,0,0,0,1
81,0.8166666666666667,1.48507669,1.0,42.16010527777778,6,1,-73.5964338121363,41.3933539582094,0,rear end,collision with motor vehicle,3,none,0,0,0,0,0,2,1,putnam,southeast,0,2021,-0.5712682150947924,0.8207634412072763,-0.5000000000000004,0.8660254037844384,-0.9976687691905393,-0.06824241336467046,0.5963673585385013,0.8027116379309637,0,0,1,0,0,0,0,0,0,0,0,0,1,0,0,0
82,0.8,1.599408954,1.0,43.42149088888889,6,1,-73.5964338121363,41.3933539582094,0,rear end,collision with motor vehicle,3,none,0,0,0,0,0,2,1,putnam,southeast,0,2021,-0.5712682150947924,0.8207634412072763,-0.5000000000000004,0.8660254037844384,-0.9976687691905393,-0.06824241336467046,0.5963673585385013,0.8027116379309637,0,0,1,0,0,0,0,0,0,0,0,0,1,0,0,0
83,0.9333333333333333,1.713741218,1.0,41.84941916666666,6,1,-73.5964338121363,41.3933539582094,0,rear end,collision with motor vehicle,3,none,0,0,0,0,0,2,1,putnam,southeast,0,2021,-0.5712682150947924,0.8207634412072763,-0.5000000000000004,0.8660254037844384,-0.9976687691905393,-0.06824241336467046,0.5963673585385013,0.8027116379309637,0,0,1,0,0,0,0,0,0,0,0,0,1,0,0,0
84,1.5333333333333334,0.721411731,3.0,19.026417444444448,2,0,-78.7901353310965,42.8702468770824,0,rear end,collision with motor vehicle,3,none,0,0,0,0,0,2,0,erie,west seneca,0,2021,0.10116832198743272,-0.994869323391895,-2.4492935982947064e-16,1.0,-0.9422609221188204,-0.3348796121709864,-0.21138262362962534,0.9774033898178665,1,1,0,1,0,0,0,0,0,0,0,1,0,0,0,0
85,1.0833333333333333,1.984658974,1.0,40.600461,3,0,-77.4702020494534,43.0540400512319,0,other,collision with guide rail,2,none,0,0,0,0,0,1,1,monroe,perinton,0,2021,-0.9987165071710528,-0.05064916883871355,-2.4492935982947064e-16,1.0,0.0,1.0,-0.9911528310040071,-0.1327255272837223,0,0,0,0,0,0,1,0,0,0,0,0,0,0,0,1
86,1.45,3.060252175,1.0,44.82579211111111,4,0,-76.0408576613811,42.45486692456,0,other,collision with earth element rock cut ditch,3,none,0,0,0,0,0,1,0,cortland,marathon,1,2021,-0.9884683243281114,0.15142777750457667,-2.4492935982947064e-16,1.0,0.5195839500354336,0.8544194045464886,-0.7865515558026425,-0.617524614946192,0,0,0,0,0,0,1,0,0,0,0,0,0,0,0,1
87,1.0833333333333333,1.206702482,2.0,32.76495727777778,4,0,-73.7290482156332,42.6713407570213,0,head on,collision with motor vehicle,3,none,0,0,0,0,0,2,0,albany,albany,1,2021,-0.9884683243281114,0.15142777750457667,-2.4492935982947064e-16,1.0,0.9976687691905392,-0.06824241336467088,-0.9407002666710332,-0.3392388661180305,0,0,0,0,0,0,1,0,0,0,0,0,0,0,0,1
88,1.3666666666666667,1.508688788,2.0,32.68417888888889,4,0,-73.71561098927,42.6886804368417,0,other,collision with guide rail,0,none,0,0,0,0,0,1,0,albany,menands,1,2021,-0.9884683243281114,0.15142777750457667,-2.4492935982947064e-16,1.0,0.9422609221188205,-0.33487961217098616,0.5528000653611936,-0.8333139190825148,0,0,0,0,0,0,1,0,0,0,0,0,0,0,0,1
89,1.3666666666666667,1.508688788,2.0,32.68417888888889,4,0,-73.7290482156332,42.6713407570213,0,head on,collision with motor vehicle,3,none,0,0,0,0,0,2,0,albany,albany,1,2021,-0.9884683243281114,0.15142777750457667,-2.4492935982947064e-16,1.0,0.9976687691905392,-0.06824241336467088,-0.9407002666710332,-0.3392388661180305,0,0,0,0,0,0,1,0,0,0,0,0,0,0,0,1
90,4.0,7.639135074,1.0,42.88089705555556,4,0,-75.8002411603147,42.0700814784487,0,rear end,collision with motor vehicle,0,none,0,0,0,0,0,2,0,broome,kirkwood,1,2021,-2.4492935982947064e-16,1.0,-2.4492935982947064e-16,1.0,0.3984010898462414,-0.917211301505453,0.847734427889671,-0.5304209081197424,0,0,0,1,0,0,0,0,0,0,0,1,0,0,0,0
91,5.333333333333333,2.940948943,3.0,22.580666555555553,6,1,-73.4975756147177,44.5197793429997,0,other,collision with earth element rock cut ditch,0,none,0,0,0,0,0,1,0,clinton,ausable,1,2022,0.39435585511331855,0.9189578116202306,0.49999999999999994,0.8660254037844387,0.8169698930104421,-0.5766803221148671,0.0,1.0,0,0,0,0,0,0,1,0,0,0,0,0,0,0,0,1
92,5.15,2.940948943,3.0,23.158542722222222,6,1,-73.4975756147177,44.5197793429997,0,other,collision with earth element rock cut ditch,0,none,0,0,0,0,0,1,0,clinton,ausable,1,2022,0.39435585511331855,0.9189578116202306,0.49999999999999994,0.8660254037844387,0.8169698930104421,-0.5766803221148671,0.0,1.0,0,0,0,0,0,0,1,0,0,0,0,0,0,0,0,1
93,7.016666666666667,5.445695444,2.0,28.173016555555556,6,1,-73.4975756147177,44.5197793429997,0,other,collision with earth element rock cut ditch,0,none,0,0,0,0,0,1,0,clinton,ausable,1,2022,0.39435585511331855,0.9189578116202306,0.49999999999999994,0.8660254037844387,0.8169698930104421,-0.5766803221148671,0.0,1.0,0,0,0,0,0,0,1,0,0,0,0,0,0,0,0,1
94,1.1833333333333333,2.940948943,1.0,48.30547655555556,6,1,-73.4975756147177,44.5197793429997,0,other,collision with earth element rock cut ditch,0,none,0,0,0,0,0,1,0,clinton,ausable,1,2022,0.39435585511331855,0.9189578116202306,0.49999999999999994,0.8660254037844387,0.8169698930104421,-0.5766803221148671,0.0,1.0,0,0,0,0,0,0,1,0,0,0,0,0,0,0,0,1
95,3.5,4.593174432,1.0,37.3009745,6,1,-73.4714170118253,44.7101522116965,0,other,collision with guide rail,0,none,0,0,0,0,0,1,0,clinton,plattsburgh,1,2022,0.39435585511331855,0.9189578116202306,0.49999999999999994,0.8660254037844387,-0.6310879443260528,-0.7757112907044198,-0.5963673585385014,0.8027116379309637,0,0,0,0,0,0,1,0,0,0,0,0,0,0,0,1
96,1.8333333333333333,4.967861145,1.0,49.35559561111112,6,1,-73.4714170118253,44.7101522116965,0,other,collision with guide rail,0,none,0,0,0,0,0,1,0,clinton,plattsburgh,1,2022,0.39435585511331855,0.9189578116202306,0.49999999999999994,0.8660254037844387,-0.6310879443260528,-0.7757112907044198,-0.5963673585385014,0.8027116379309637,0,0,0,0,0,0,1,0,0,0,0,0,0,0,0,1
97,1.1333333333333333,3.708963499,1.0,52.002641277777784,6,1,-73.5004415771476,44.5061656699999,0,other,collision with tree,3,none,0,0,0,0,0,1,0,clinton,ausable,1,2022,0.39435585511331855,0.9189578116202306,0.49999999999999994,0.8660254037844387,-0.9422609221188204,-0.3348796121709864,0.9996456111234526,-0.026620521437774693,0,0,0,0,0,0,0,1,0,0,0,0,0,0,0,1
98,2.183333333333333,0.442416152,3.0,10.016520222222223,3,0,-78.792011118546,42.8628909640991,0,other,collision with motor vehicle,0,none,0,0,0,0,0,3,0,erie,west seneca,0,2022,0.9377521321470804,0.3473052528448203,0.49999999999999994,0.8660254037844387,0.8169698930104421,-0.5766803221148671,-0.9968120070307502,0.07978610555308265,0,0,0,0,0,0,1,0,0,0,0,0,0,0,0,1
99,2.183333333333333,0.442416152,3.0,10.016520222222223,3,0,-78.8070156179492,42.8761728170053,0,other,collision with other barrier,0,none,0,0,0,0,0,1,0,erie,buffalo,0,2022,0.9377521321470804,0.3473052528448203,0.49999999999999994,0.8660254037844387,0.8169698930104421,-0.5766803221148671,-0.9968120070307502,0.07978610555308265,1,0,0,0,0,0,1,0,0,0,0,0,0,0,0,1
100,4.416666666666667,6.610144698,1.0,35.26287361111111,3,0,-78.881660297976,42.8822611868435,1,other,collision with crash cushion,0,none,0,0,1,1,0,1,0,erie,buffalo,0,2022,0.9377521321470804,0.3473052528448203,0.49999999999999994,0.8660254037844387,0.1361666490962471,-0.9906859460363306,-0.9968120070307502,0.07978610555308265,0,0,1,0,0,0,0,0,0,0,0,0,0,0,0,1
101,7.9,6.2578273410000005,2.0,26.184625444444446,3,0,-78.881660297976,42.8822611868435,1,other,collision with crash cushion,0,none,0,0,1,1,0,1,0,erie,buffalo,0,2022,0.9377521321470804,0.3473052528448203,0.49999999999999994,0.8660254037844387,0.1361666490962471,-0.9906859460363306,-0.9968120070307502,0.07978610555308265,0,0,1,0,0,0,0,0,0,0,0,0,0,0,0,1
102,1.05,2.061087607,1.0,38.77984038888889,3,0,-78.8379833471925,42.8693979380476,0,other,collision with other,1,none,0,0,0,0,0,1,0,erie,buffalo,0,2022,0.9377521321470804,0.3473052528448203,0.49999999999999994,0.8660254037844387,-0.9422609221188204,-0.3348796121709864,0.21138262362962432,0.9774033898178667,0,0,1,0,0,0,0,0,0,0,0,0,0,0,0,1
103,1.55,4.2141381220000005,1.0,49.06976438888889,4,0,-73.6536247980615,41.3444610690826,0,overtaking,collision with motor vehicle,3,none,0,0,0,0,0,2,1,westchester,north salem,0,2022,0.9884683243281114,0.1514277775045767,0.49999999999999994,0.8660254037844387,0.9790840876823229,0.20345601305263375,-0.5076658003388407,0.8615540813938056,0,0,0,0,0,0,1,0,0,0,0,0,0,0,0,1
104,1.0666666666666667,2.015727524,1.0,42.924393111111115,4,0,-73.6536247980615,41.3444610690826,0,overtaking,collision with motor vehicle,3,none,0,0,0,0,0,2,1,westchester,north salem,0,2022,0.9884683243281114,0.1514277775045767,0.49999999999999994,0.8660254037844387,0.9790840876823229,0.20345601305263375,-0.5076658003388407,0.8615540813938056,0,0,0,0,0,0,1,0,0,0,0,0,0,0,0,1
105,1.2333333333333334,2.75267353,1.0,40.29598861111111,5,1,-76.1519085888192,43.0537413027933,1,overtaking,collision with motor vehicle,2,none,0,0,2,2,0,2,1,onondaga,syracuse,1,2022,0.9987165071710528,-0.05064916883871264,0.49999999999999994,0.8660254037844387,0.2697967711570243,0.9629172873477994,-0.7164567402983151,-0.6976315211349847,0,0,0,0,0,0,1,0,0,0,0,0,1,0,0,0
106,1.4,3.3864719500000002,1.0,41.14726855555557,5,1,-76.1519085888192,43.0537413027933,1,overtaking,collision with motor vehicle,2,none,0,0,2,2,0,2,1,onondaga,syracuse,1,2022,0.9987165071710528,-0.05064916883871264,0.49999999999999994,0.8660254037844387,0.2697967711570243,0.9629172873477994,-0.7164567402983151,-0.6976315211349847,0,0,0,0,0,0,1,0,0,0,0,0,1,0,0,0
107,1.1333333333333333,2.5296013410000002,1.0,41.84320544444446,5,1,-76.1519085888192,43.0537413027933,1,overtaking,collision with motor vehicle,2,none,0,0,2,2,0,2,1,onondaga,syracuse,0,2022,0.9987165071710528,-0.05064916883871264,0.49999999999999994,0.8660254037844387,0.2697967711570243,0.9629172873477994,-0.7164567402983151,-0.6976315211349847,0,0,0,0,0,0,1,0,0,0,0,0,1,0,0,0
108,1.05,2.110797287,1.0,39.55034194444445,5,1,-76.1519085888192,43.0537413027933,1,overtaking,collision with motor vehicle,2,none,0,0,2,2,0,2,1,onondaga,syracuse,0,2022,0.9987165071710528,-0.05064916883871264,0.49999999999999994,0.8660254037844387,0.2697967711570243,0.9629172873477994,-0.7164567402983151,-0.6976315211349847,0,0,0,0,0,0,1,0,0,0,0,0,1,0,0,0
109,1.1,1.99460091,1.0,39.065671611111114,5,1,-76.1519085888192,43.0537413027933,1,overtaking,collision with motor vehicle,2,none,0,0,2,2,0,2,1,onondaga,syracuse,1,2022,0.9987165071710528,-0.05064916883871264,0.49999999999999994,0.8660254037844387,0.2697967711570243,0.9629172873477994,-0.7164567402983151,-0.6976315211349847,0,0,0,0,0,0,1,0,0,0,0,0,1,0,0,0
110,1.4,2.807354178,1.0,39.41985377777778,5,1,-76.1519085888192,43.0537413027933,1,overtaking,collision with motor vehicle,2,none,0,0,2,2,0,2,1,onondaga,syracuse,1,2022,0.9987165071710528,-0.05064916883871264,0.49999999999999994,0.8660254037844387,0.2697967711570243,0.9629172873477994,-0.7164567402983151,-0.6976315211349847,0,0,0,0,0,0,1,0,0,0,0,0,1,0,0,0
111,1.0,1.99460091,1.0,40.42647677777778,5,1,-76.1519085888192,43.0537413027933,1,overtaking,collision with motor vehicle,2,none,0,0,2,2,0,2,1,onondaga,syracuse,1,2022,0.9987165071710528,-0.05064916883871264,0.49999999999999994,0.8660254037844387,0.2697967711570243,0.9629172873477994,-0.7164567402983151,-0.6976315211349847,0,0,0,0,0,0,1,0,0,0,0,0,1,0,0,0
112,1.05,2.197789227,1.0,38.77984038888889,5,1,-76.1519085888192,43.0537413027933,1,overtaking,collision with motor vehicle,2,none,0,0,2,2,0,2,1,onondaga,syracuse,0,2022,0.9987165071710528,-0.05064916883871264,0.49999999999999994,0.8660254037844387,0.2697967711570243,0.9629172873477994,-0.7164567402983151,-0.6976315211349847,0,0,0,0,0,0,1,0,0,0,0,0,1,0,0,0
113,1.1666666666666667,2.649525944,1.0,39.05945788888889,5,1,-76.1519085888192,43.0537413027933,1,overtaking,collision with motor vehicle,2,none,0,0,2,2,0,2,1,onondaga,syracuse,1,2022,0.9987165071710528,-0.05064916883871264,0.49999999999999994,0.8660254037844387,0.2697967711570243,0.9629172873477994,-0.7164567402983151,-0.6976315211349847,0,0,0,0,0,0,1,0,0,0,0,0,1,0,0,0
114,1.4,3.147244115,1.0,45.76406416666666,5,1,-76.0472673169303,42.4674803237331,0,other,collision with earth element rock cut ditch,0,none,0,0,0,0,0,1,0,cortland,marathon,1,2022,0.9987165071710528,-0.05064916883871264,0.49999999999999994,0.8660254037844387,0.9422609221188205,-0.33487961217098616,0.1062934856473654,0.9943348002101371,0,0,0,0,0,0,1,0,0,0,0,1,0,0,0,0
115,1.3833333333333333,3.147244115,1.0,45.944262111111115,5,1,-76.0472673169303,42.4674803237331,0,other,collision with earth element rock cut ditch,0,none,0,0,0,0,0,1,0,cortland,marathon,1,2022,0.9987165071710528,-0.05064916883871264,0.49999999999999994,0.8660254037844387,0.9422609221188205,-0.33487961217098616,0.1062934856473654,0.9943348002101371,0,0,0,0,0,0,1,0,0,0,0,1,0,0,0,0
116,1.5333333333333334,3.174584439,1.0,44.33490805555555,5,1,-76.0472673169303,42.4674803237331,0,other,collision with earth element rock cut ditch,0,none,0,0,0,0,0,1,0,cortland,marathon,1,2022,0.9987165071710528,-0.05064916883871264,0.49999999999999994,0.8660254037844387,0.9422609221188205,-0.33487961217098616,0.1062934856473654,0.9943348002101371,0,0,0,0,0,0,1,0,0,0,0,1,0,0,0,0
117,2.9166666666666665,4.406763132,1.0,39.95423388888889,5,1,-76.0472673169303,42.4674803237331,0,other,collision with earth element rock cut ditch,0,none,0,0,0,0,0,1,0,cortland,marathon,1,2022,0.9987165071710528,-0.05064916883871264,0.49999999999999994,0.8660254037844387,0.9422609221188205,-0.33487961217098616,0.1062934856473654,0.9943348002101371,0,0,0,0,0,0,1,0,0,0,0,1,0,0,0,0
118,1.2,3.232993313,1.0,48.554025444444456,6,1,-76.1314489505483,42.7642101717722,0,other,collision with tree,0,none,0,0,0,0,0,1,0,cortland,preble,1,2022,0.9680771188662043,-0.2506525322587204,0.49999999999999994,0.8660254037844387,0.631087944326053,-0.7757112907044197,-0.3641605752528223,-0.9313361774523384,0,0,0,0,0,0,1,0,0,0,0,1,0,0,0,0
119,1.45,3.359752997,1.0,47.11244188888889,6,1,-76.1314489505483,42.7642101717722,0,other,collision with tree,0,none,0,0,0,0,0,1,0,cortland,preble,1,2022,0.9680771188662043,-0.2506525322587204,0.49999999999999994,0.8660254037844387,0.631087944326053,-0.7757112907044197,-0.3641605752528223,-0.9313361774523384,0,0,0,0,0,0,1,0,0,0,0,1,0,0,0,0
120,3.7,4.301751433,2.0,34.74713466666667,6,1,-76.0866348935073,42.5307264214489,0,other,collision with earth element rock cut ditch,0,none,0,0,0,0,0,1,0,cortland,virgil,1,2022,0.9680771188662043,-0.2506525322587204,0.49999999999999994,0.8660254037844387,0.3984010898462414,-0.917211301505453,0.7525707698561385,0.6585113790650386,0,0,0,0,0,0,1,0,0,0,0,0,0,0,1,0
121,3.433333333333333,4.301751433,1.0,36.00852027777778,6,1,-76.0866348935073,42.5307264214489,0,other,collision with earth element rock cut ditch,0,none,0,0,0,0,0,1,0,cortland,virgil,1,2022,0.9680771188662043,-0.2506525322587204,0.49999999999999994,0.8660254037844387,0.3984010898462414,-0.917211301505453,0.7525707698561385,0.6585113790650386,0,0,0,0,0,0,1,0,0,0,0,0,0,0,1,0
122,5.383333333333334,4.301751433,2.0,28.30971844444445,6,1,-76.0866348935073,42.5307264214489,0,other,collision with earth element rock cut ditch,0,none,0,0,0,0,0,1,0,cortland,virgil,1,2022,0.9680771188662043,-0.2506525322587204,0.49999999999999994,0.8660254037844387,0.3984010898462414,-0.917211301505453,0.7525707698561385,0.6585113790650386,0,0,0,0,0,0,1,0,0,0,0,0,0,0,1,0
123,5.35,4.301751433,2.0,28.433992888888888,6,1,-76.0866348935073,42.5307264214489,0,other,collision with earth element rock cut ditch,0,none,0,0,0,0,0,1,0,cortland,virgil,1,2022,0.9680771188662043,-0.2506525322587204,0.49999999999999994,0.8660254037844387,0.3984010898462414,-0.917211301505453,0.7525707698561385,0.6585113790650386,0,0,0,0,0,0,1,0,0,0,0,0,0,0,1,0
124,2.0166666666666666,4.406763132,1.0,46.19902472222223,6,1,-76.0750611728276,42.5018858218199,0,other,collision with guide rail,0,none,0,0,0,0,0,1,0,cortland,virgil,1,2022,0.9680771188662043,-0.2506525322587204,0.49999999999999994,0.8660254037844387,0.3984010898462414,-0.917211301505453,0.6382441836448203,-0.769833983429906,0,0,0,0,0,0,1,0,0,0,0,0,0,1,0,0
125,1.9,4.406763132,1.0,47.193220277777776,6,1,-76.0750611728276,42.5018858218199,0,other,collision with guide rail,0,none,0,0,0,0,0,1,0,cortland,virgil,1,2022,0.9680771188662043,-0.2506525322587204,0.49999999999999994,0.8660254037844387,0.3984010898462414,-0.917211301505453,0.6382441836448203,-0.769833983429906,0,0,0,0,0,0,1,0,0,0,0,0,0,1,0,0
126,1.0666666666666667,2.048038816,1.0,41.12241366666667,6,1,-73.706948347819,42.7038300619448,0,other,collision with other barrier,0,none,0,0,0,0,0,1,0,albany,colonie,1,2022,0.9680771188662043,-0.2506525322587204,0.49999999999999994,0.8660254037844387,0.1361666490962471,-0.9906859460363306,-0.9407002666710332,-0.3392388661180305,0,0,0,0,0,0,1,0,0,0,0,0,0,0,1,0
127,2.1,4.29367361,1.0,45.167546833333326,6,1,-76.0732394239618,42.4997753706439,0,other,collision with guide rail,0,none,0,0,0,0,0,1,0,cortland,virgil,1,2022,0.9680771188662043,-0.2506525322587204,0.49999999999999994,0.8660254037844387,-0.39840108984624156,-0.9172113015054529,-0.8477344278896709,-0.5304209081197426,1,1,0,0,0,0,1,0,0,0,0,0,0,0,1,0
128,2.533333333333333,4.406763132,1.0,42.44593650000001,6,1,-76.0732394239618,42.4997753706439,0,other,collision with guide rail,0,none,0,0,0,0,0,1,0,cortland,virgil,1,2022,0.9680771188662043,-0.2506525322587204,0.49999999999999994,0.8660254037844387,-0.39840108984624156,-0.9172113015054529,-0.8477344278896709,-0.5304209081197426,1,1,0,0,0,0,1,0,0,0,0,0,0,0,1,0
129,1.0833333333333333,2.012620669,1.0,39.49441844444445,1,0,-76.1409366318706,43.0287394909984,0,other,collision with guide rail,2,none,0,0,0,0,0,1,1,onondaga,syracuse,0,2022,0.7907757369376989,-0.6121059825476626,0.49999999999999994,0.8660254037844387,0.9790840876823229,0.20345601305263375,-0.8477344278896709,-0.5304209081197426,0,0,0,0,0,0,1,0,0,0,0,0,0,0,0,1
130,1.2,2.5296013410000002,1.0,41.08513133333334,1,0,-76.1409366318706,43.0287394909984,0,other,collision with guide rail,2,none,0,0,0,0,0,1,1,onondaga,syracuse,0,2022,0.7907757369376989,-0.6121059825476626,0.49999999999999994,0.8660254037844387,0.9790840876823229,0.20345601305263375,-0.8477344278896709,-0.5304209081197426,0,0,0,0,0,0,1,0,0,0,0,0,0,0,0,1
131,1.2833333333333334,1.944269859,1.0,35.85317722222223,1,0,-76.1409366318706,43.0287394909984,0,other,collision with guide rail,2,none,0,0,0,0,0,1,1,onondaga,syracuse,0,2022,0.7907757369376989,-0.6121059825476626,0.49999999999999994,0.8660254037844387,0.9790840876823229,0.20345601305263375,-0.8477344278896709,-0.5304209081197426,0,0,0,0,0,0,1,0,0,0,0,0,0,0,0,1